run_id,label,dataset,IF,alpha,K,seed,final_bal,final_acc,final_tail,final_head,final_medium,final_worst,n_gauss_classes,best_mean_acc,oracle_bal,oracle_tail,fidelity_head,fidelity_tail,cond_norm_tail_over_head_end,cond_norm_tail_rel_init,feature_mnd,referee_test_acc,time_s,fe_time_s,gen_time_s,head_time_s,n_train,min_client,tail_holders
FedAvg (grouped)|fmnist|IF0.01|a0.5|K10|s0,FedAvg (grouped),fmnist,0.01,0.5,10,0,0.5529800653457642,0.5529799818992615,0.36907505989074707,0.7875334620475769,0.563633382320404,0.17989999055862427,,0.5549999862909317,,,,,,,,,202.99863624572754,,,,5996,85,7
Ours|fmnist|IF0.01|a0.5|K10|s0,Ours,fmnist,0.01,0.5,10,0,0.7362300157546997,0.7362299859523773,0.6932500600814819,0.8418333530426025,0.6879334449768066,0.3231000304222107,7,0.7393199741840363,0.7928200364112854,0.7489750385284424,0.8866666952768961,0.7800000160932541,1.1483255624771118,2.5868873596191406,,0.8367999792098999,401.52105689048767,64.83664989471436,258.4328954219818,71.34969449043274,5996,85,7
+HWA+LA|fmnist|IF0.01|a0.5|K10|s0,+HWA+LA,fmnist,0.01,0.5,10,0,0.7599800825119019,0.7599799811840058,0.6829750537872314,0.858666718006134,0.7639667391777039,0.382999986410141,,0.7666099727153778,0.799560010433197,0.7407500147819519,0.8844444751739502,0.7158333510160446,1.1483255624771118,2.5868873596191406,,0.8367999792098999,75.24972629547119,64.83664989471436,258.1395854949951,69.53073072433472,5996,85,7
GeFL-F|fmnist|IF0.01|a0.5|K10|s0,GeFL-F,fmnist,0.01,0.5,10,0,0.6215599775314331,0.6215599954128266,0.4171750247478485,0.8525333404541016,0.6631000638008118,0.2535000443458557,,0.6274799883365632,0.7946900129318237,0.7460000514984131,0.8688889145851135,0.33833333430811763,0.5487291216850281,1.091551661491394,,0.8367999792098999,318.8278217315674,64.83664989471436,249.850683927536,63.7877471446991,5996,85,7
+LA|fmnist|IF0.01|a0.5|K10|s0,+LA,fmnist,0.01,0.5,10,0,0.6807000041007996,0.6806999802589416,0.5167750120162964,0.8622333407402039,0.7177333831787109,0.3636000156402588,,0.6926999807357788,0.794390082359314,0.7448250651359558,0.8688889145851135,0.33833333430811763,0.5487291216850281,1.091551661491394,,0.8367999792098999,74.56343984603882,64.83664989471436,249.850683927536,68.79362463951111,5996,85,7
FSG+LA|fmnist|IF0.01|a0.5|K10|s0,FSG+LA,fmnist,0.01,0.5,10,0,0.7448199987411499,0.7448199808597564,0.6982499957084656,0.8505001068115234,0.7012333869934082,0.3520999848842621,10,0.747139984369278,0.7965399622917175,0.7519250512123108,0.7655555705229441,0.810000017285347,0.9584009051322937,1.0,,0.8367999792098999,73.6661274433136,64.83664989471436,0.16448569297790527,68.12267565727234,5996,85,7
LG-FedAvg|fmnist|IF0.01|a0.5|K10|s0,LG-FedAvg,fmnist,0.01,0.5,10,0,0.5445300340652466,0.5445299983024597,0.3613249957561493,0.7715334296226501,0.5618000030517578,0.1759999692440033,,0.5469799965620041,,,,,,,,,198.34460020065308,,,,5996,85,7
LG-FedAvg+LA|fmnist|IF0.01|a0.5|K10|s0,LG-FedAvg+LA,fmnist,0.01,0.5,10,0,0.6006500720977783,0.6006499826908112,0.45647501945495605,0.7920000553131104,0.6015333533287048,0.23420000076293945,,0.6054299771785736,,,,,,,,,195.9204499721527,,,,5996,85,7
FedAvg (grouped)|fmnist|IF0.01|a0.5|K10|s1,FedAvg (grouped),fmnist,0.01,0.5,10,1,0.535610020160675,0.5356099903583527,0.33707499504089355,0.7699999809265137,0.5659332871437073,0.12140001356601715,,0.5375599920749664,,,,,,,,,224.79225754737854,,,,5996,207,6
Ours|fmnist|IF0.01|a0.5|K10|s1,Ours,fmnist,0.01,0.5,10,1,0.7201100587844849,0.7201099753379822,0.6733750104904175,0.8363000750541687,0.6662333607673645,0.24539999663829803,7,0.7260799825191497,0.7965599894523621,0.7596500515937805,0.8155555725097656,0.7691666930913925,1.0343447923660278,2.1865041255950928,,0.8445000052452087,411.898983001709,68.24324131011963,263.67653346061707,74.49462127685547,5996,207,6
+HWA+LA|fmnist|IF0.01|a0.5|K10|s1,+HWA+LA,fmnist,0.01,0.5,10,1,0.7536300420761108,0.7536299824714661,0.67330002784729,0.8619000911712646,0.7524666786193848,0.28070002794265747,,0.7643199741840363,0.8041499853134155,0.7661000490188599,0.8255555629730225,0.5833333507180214,1.0343447923660278,2.1865041255950928,,0.8445000052452087,76.22965955734253,68.24324131011963,263.4785645008087,70.6767406463623,5996,207,6
GeFL-F|fmnist|IF0.01|a0.5|K10|s1,GeFL-F,fmnist,0.01,0.5,10,1,0.5834200382232666,0.5834199815988541,0.33845001459121704,0.8356333374977112,0.6578333973884583,0.14510001242160797,,0.5967799752950669,0.7944700717926025,0.7596250772476196,0.795555571715037,0.12000000244006515,0.09162812680006027,0.14831607043743134,,0.8445000052452087,333.1119465827942,68.24324131011963,259.44006419181824,68.07791113853455,5996,207,6
+LA|fmnist|IF0.01|a0.5|K10|s1,+LA,fmnist,0.01,0.5,10,1,0.6489100456237793,0.6489099800586701,0.4369249939918518,0.849133312702179,0.731333315372467,0.22770002484321594,,0.6606099843978882,0.7973799705505371,0.766450047492981,0.795555571715037,0.12000000244006515,0.09162812680006027,0.14831607043743134,,0.8445000052452087,77.57145547866821,68.24324131011963,259.44006419181824,72.200266122818,5996,207,6
FSG+LA|fmnist|IF0.01|a0.5|K10|s1,FSG+LA,fmnist,0.01,0.5,10,1,0.7349799871444702,0.7349799752235413,0.6756500005722046,0.8432334065437317,0.7058334350585938,0.24560001492500305,10,0.7388899803161622,0.7976400256156921,0.7704500555992126,0.721111128727595,0.7791666835546494,0.9057995676994324,1.0,,0.8445000052452087,75.32628011703491,68.24324131011963,0.17230844497680664,69.80504965782166,5996,207,6
LG-FedAvg|fmnist|IF0.01|a0.5|K10|s1,LG-FedAvg,fmnist,0.01,0.5,10,1,0.5381399989128113,0.5381399840116501,0.3486250340938568,0.7671666741371155,0.5618000030517578,0.11480001360177994,,0.5413199812173843,,,,,,,,,207.41579055786133,,,,5996,207,6
LG-FedAvg+LA|fmnist|IF0.01|a0.5|K10|s1,LG-FedAvg+LA,fmnist,0.01,0.5,10,1,0.5738199949264526,0.5738199889659882,0.39877501130104065,0.7971000671386719,0.583933413028717,0.16880002617835999,,0.5766399890184403,,,,,,,,,223.70778512954712,,,,5996,207,6
FedAvg (grouped)|fmnist|IF0.01|a0.5|K10|s2,FedAvg (grouped),fmnist,0.01,0.5,10,2,0.4951300621032715,0.4951299846172333,0.30410003662109375,0.7118332982063293,0.533133327960968,0.1769000142812729,,0.49950998425483706,,,,,,,,,221.80287957191467,,,,5996,292,7
Ours|fmnist|IF0.01|a0.5|K10|s2,Ours,fmnist,0.01,0.5,10,2,0.7155500650405884,0.7155499875545501,0.6728000640869141,0.8254000544548035,0.6626999974250793,0.2939999997615814,7,0.7197799861431122,0.7888800501823425,0.7536500692367554,0.8055555820465088,0.7600000128149986,0.8540552258491516,2.2613024711608887,,0.8455999493598938,411.9529461860657,70.41854047775269,260.41781520843506,75.59942364692688,5996,292,7
+HWA+LA|fmnist|IF0.01|a0.5|K10|s2,+HWA+LA,fmnist,0.01,0.5,10,2,0.7669600248336792,0.7669599831104279,0.7080749869346619,0.8481000065803528,0.7643334269523621,0.3410000205039978,,0.7704699754714965,0.8025100827217102,0.7617000341415405,0.8222222526868185,0.6866666823625565,0.8540552258491516,2.2613024711608887,,0.8455999493598938,79.4763650894165,70.41854047775269,260.2219543457031,73.26879477500916,5996,292,7
GeFL-F|fmnist|IF0.01|a0.5|K10|s2,GeFL-F,fmnist,0.01,0.5,10,2,0.5535899996757507,0.5535899817943573,0.30717501044273376,0.830166757106781,0.605566680431366,0.18150000274181366,,0.5594899863004684,0.7877399921417236,0.7525500059127808,0.800000011920929,0.12833333760499954,0.028819400817155838,0.058785244822502136,,0.8455999493598938,335.2293405532837,70.41854047775269,258.2052047252655,70.96783995628357,5996,292,7
+LA|fmnist|IF0.01|a0.5|K10|s2,+LA,fmnist,0.01,0.5,10,2,0.6137500405311584,0.6137499868869781,0.4127250611782074,0.8578000068664551,0.6377333998680115,0.20320001244544983,,0.6210699856281281,0.7897800207138062,0.753724992275238,0.800000011920929,0.12833333760499954,0.028819400817155838,0.058785244822502136,,0.8455999493598938,80.38750624656677,70.41854047775269,258.2052047252655,74.67476034164429,5996,292,7
FSG+LA|fmnist|IF0.01|a0.5|K10|s2,FSG+LA,fmnist,0.01,0.5,10,2,0.7282000780105591,0.7281999707221984,0.6794500350952148,0.8289667963981628,0.6924333572387695,0.29580003023147583,10,0.7299599707126617,0.7912500500679016,0.7524500489234924,0.7077777981758118,0.7841666787862778,0.8610780835151672,1.0,,0.8455999493598938,79.92135834693909,70.41854047775269,0.17565083503723145,74.29803991317749,5996,292,7
LG-FedAvg|fmnist|IF0.01|a0.5|K10|s2,LG-FedAvg,fmnist,0.01,0.5,10,2,0.4909400939941406,0.4909399926662445,0.287975013256073,0.7328333854675293,0.5196667313575745,0.17250002920627594,,0.4917399942874908,,,,,,,,,212.3891258239746,,,,5996,292,7
LG-FedAvg+LA|fmnist|IF0.01|a0.5|K10|s2,LG-FedAvg+LA,fmnist,0.01,0.5,10,2,0.5527300238609314,0.5527299851179123,0.3742000162601471,0.7682667374610901,0.5752333402633667,0.19290001690387726,,0.5575399965047836,,,,,,,,,217.87605953216553,,,,5996,292,7
FedAvg (grouped)|mnist|IF0.01|a0.5|K10|s0,FedAvg (grouped),mnist,0.01,0.5,10,0,0.6497859358787537,0.6545099794864655,0.4200824499130249,0.9191935062408447,0.6866495013237,0.23944500088691711,,0.6545399785041809,,,,,,,,,154.5561990737915,,,,5996,104,7
Ours|mnist|IF0.01|a0.5|K10|s0,Ours,mnist,0.01,0.5,10,0,0.8814705610275269,0.8834499835968017,0.8157526850700378,0.9747067093849182,0.8758583664894104,0.6922998428344727,7,0.8894899785518646,0.9211019277572632,0.8702948093414307,0.8844444751739502,0.7375000268220901,0.707976222038269,1.6503760814666748,,0.9756999611854553,378.64242577552795,51.56769108772278,256.1313593387604,65.35488653182983,5996,104,7
+HWA+LA|mnist|IF0.01|a0.5|K10|s0,+HWA+LA,mnist,0.01,0.5,10,0,0.8614634275436401,0.863349974155426,0.7758217453956604,0.955322265625,0.8817934989929199,0.635010302066803,,0.8671099841594696,0.9214544296264648,0.8748351335525513,0.8844444751739502,0.2566666752099991,0.707976222038269,1.6503760814666748,,0.9756999611854553,67.86753034591675,51.56769108772278,255.93130826950073,62.45024061203003,5996,104,7
GeFL-F|mnist|IF0.01|a0.5|K10|s0,GeFL-F,mnist,0.01,0.5,10,0,0.739152729511261,0.7417999804019928,0.4775782823562622,0.9628158211708069,0.8642554879188538,0.2503468990325928,,0.7473599851131439,0.908379852771759,0.8448004722595215,0.8577777942021688,0.09833333361893892,0.08924403786659241,0.16495035588741302,,0.9756999611854553,315.74513030052185,51.56769108772278,250.40881204605103,59.82561802864075,5996,104,7
+LA|mnist|IF0.01|a0.5|K10|s0,+LA,mnist,0.01,0.5,10,0,0.7804480791091919,0.782699978351593,0.566500186920166,0.9599833488464355,0.886176586151123,0.3648870587348938,,0.796889990568161,0.913781464099884,0.8552278280258179,0.8577777942021688,0.09833333361893892,0.08924403786659241,0.16495035588741302,,0.9756999611854553,67.02961611747742,51.56769108772278,250.40881204605103,61.6033239364624,5996,104,7
FSG+LA|mnist|IF0.01|a0.5|K10|s0,FSG+LA,mnist,0.01,0.5,10,0,0.8862901926040649,0.8878799796104431,0.8352565765380859,0.9534659385681152,0.8871590495109558,0.7455851435661316,10,0.8891599833965301,0.9195810556411743,0.8690773248672485,0.7555555701255798,0.7516666948795319,1.0377780199050903,1.0,,0.9756999611854553,66.52903270721436,51.56769108772278,0.15963435173034668,60.90882062911987,5996,104,7
LG-FedAvg|mnist|IF0.01|a0.5|K10|s0,LG-FedAvg,mnist,0.01,0.5,10,0,0.6573286056518555,0.6619099736213684,0.4296160638332367,0.9190877079963684,0.6991862654685974,0.24985134601593018,,0.662039977312088,,,,,,,,,155.01004099845886,,,,5996,104,7
LG-FedAvg+LA|mnist|IF0.01|a0.5|K10|s0,LG-FedAvg+LA,mnist,0.01,0.5,10,0,0.6892920732498169,0.6937999904155732,0.4883909821510315,0.9251010417938232,0.7213510870933533,0.30595484375953674,,0.6996799826622009,,,,,,,,,163.98985838890076,,,,5996,104,7
FedAvg (grouped)|mnist|IF0.01|a0.5|K10|s1,FedAvg (grouped),mnist,0.01,0.5,10,1,0.6174004673957825,0.6226199805736542,0.3815021514892578,0.8282759785652161,0.7210559844970703,0.22695739567279816,,0.6229699790477753,,,,,,,,,160.1732668876648,,,,5996,227,7
Ours|mnist|IF0.01|a0.5|K10|s1,Ours,mnist,0.01,0.5,10,1,0.8552546501159668,0.8582399666309357,0.7879065275192261,0.9722263216972351,0.8280803561210632,0.6847022771835327,7,0.8655999720096588,0.9049830436706543,0.8512707352638245,0.847777803738912,0.8183333426713943,0.8016757369041443,1.6944012641906738,,0.971299946308136,378.8681809902191,52.804728269577026,255.74813079833984,65.06095671653748,5996,227,7
+HWA+LA|mnist|IF0.01|a0.5|K10|s1,+HWA+LA,mnist,0.01,0.5,10,1,0.8818529844284058,0.8839399814605713,0.8266693949699402,0.9497671127319336,0.887516975402832,0.6925051808357239,,0.8903199911117554,0.9207280278205872,0.869013786315918,0.847777783870697,0.2525000125169754,0.8016757369041443,1.6944012641906738,,0.971299946308136,68.1458089351654,52.804728269577026,255.54008388519287,62.60220766067505,5996,227,7
GeFL-F|mnist|IF0.01|a0.5|K10|s1,GeFL-F,mnist,0.01,0.5,10,1,0.7332975268363953,0.7364499747753144,0.49198758602142334,0.9220067858695984,0.8663349151611328,0.2988107204437256,,0.7387499809265137,0.9032403826713562,0.8408951759338379,0.7033333480358124,0.06583333387970924,0.1697772592306137,0.1670680195093155,,0.971299946308136,318.04441356658936,52.804728269577026,252.43914270401,60.08082461357117,5996,227,7
+LA|mnist|IF0.01|a0.5|K10|s1,+LA,mnist,0.01,0.5,10,1,0.7716695666313171,0.7736999869346619,0.5590820908546448,0.91977858543396,0.9070104956626892,0.37443530559539795,,0.78640998005867,0.8985381126403809,0.8302733302116394,0.7033333480358124,0.06583333387970924,0.1697772592306137,0.1670680195093155,,0.971299946308136,68.19555592536926,52.804728269577026,252.43914270401,62.75808048248291,5996,227,7
FSG+LA|mnist|IF0.01|a0.5|K10|s1,FSG+LA,mnist,0.01,0.5,10,1,0.8536843061447144,0.8561099827289581,0.7954061031341553,0.9364787936210632,0.8485942482948303,0.6886037588119507,10,0.8582399785518646,0.8997663259506226,0.8456451296806335,0.8900000254313151,0.8133333474397659,1.0219823122024536,1.0,,0.971299946308136,68.1275954246521,52.804728269577026,0.1814565658569336,62.26140522956848,5996,227,7
LG-FedAvg|mnist|IF0.01|a0.5|K10|s1,LG-FedAvg,mnist,0.01,0.5,10,1,0.6187310218811035,0.6242099821567535,0.3931281268596649,0.8320370316505432,0.7062286734580994,0.23111994564533234,,0.6242999792098999,,,,,,,,,165.6755223274231,,,,5996,227,7
LG-FedAvg+LA|mnist|IF0.01|a0.5|K10|s1,LG-FedAvg+LA,mnist,0.01,0.5,10,1,0.6796633005142212,0.6839199900627136,0.5104163289070129,0.837662398815155,0.7473268508911133,0.349256694316864,,0.6926499724388122,,,,,,,,,168.1667103767395,,,,5996,227,7
FedAvg (grouped)|mnist|IF0.01|a0.5|K10|s2,FedAvg (grouped),mnist,0.01,0.5,10,2,0.6184874773025513,0.6207599878311157,0.42148643732070923,0.76115483045578,0.7384880185127258,0.30000001192092896,,0.6208899915218353,,,,,,,,,179.73148250579834,,,,5996,94,8
Ours|mnist|IF0.01|a0.5|K10|s2,Ours,mnist,0.01,0.5,10,2,0.8758163452148438,0.8774499773979187,0.8103601336479187,0.9584741592407227,0.8804333806037903,0.7364476919174194,7,0.8812399744987488,0.9211183786392212,0.8712705373764038,0.8766666849454244,0.7566667050123215,0.8807398080825806,1.8339710235595703,,0.9717999696731567,385.1929540634155,59.61633896827698,258.3937222957611,61.996509075164795,5996,94,8
+HWA+LA|mnist|IF0.01|a0.5|K10|s2,+HWA+LA,mnist,0.01,0.5,10,2,0.8933186531066895,0.8947099685668946,0.8299832344055176,0.9544197916984558,0.9166648387908936,0.7407597303390503,,0.9022099673748016,0.9315574765205383,0.8824019432067871,0.8855555852254232,0.30666667222976685,0.8807398080825806,1.8339710235595703,,0.9717999696731567,65.34352350234985,59.61633896827698,258.2016339302063,60.1660795211792,5996,94,8
GeFL-F|mnist|IF0.01|a0.5|K10|s2,GeFL-F,mnist,0.01,0.5,10,2,0.766243577003479,0.7684999704360962,0.5887576341629028,0.9349875450134277,0.8341474533081055,0.3259662985801697,,0.7684999704360962,0.9152593612670898,0.8623858094215393,0.5877777934074402,0.09833333641290665,0.7226882576942444,0.6509515047073364,,0.9717999696731567,316.24638986587524,59.61633896827698,252.3048436641693,58.63689112663269,5996,94,8
+LA|mnist|IF0.01|a0.5|K10|s2,+LA,mnist,0.01,0.5,10,2,0.8155447244644165,0.817249983549118,0.6772170662879944,0.9507207870483398,0.8648055195808411,0.3912785053253174,,0.8218199849128723,0.9148367047309875,0.8583229780197144,0.5877777934074402,0.09833333641290665,0.7226882576942444,0.6509515047073364,,0.9717999696731567,66.70430302619934,59.61633896827698,252.3048436641693,61.363640546798706,5996,94,8
FSG+LA|mnist|IF0.01|a0.5|K10|s2,FSG+LA,mnist,0.01,0.5,10,2,0.8712185025215149,0.8731699764728547,0.8083454370498657,0.9466452598571777,0.879622220993042,0.7419918179512024,10,0.8748199820518494,0.9105464220046997,0.8529366850852966,0.797777791817983,0.7716666758060455,1.0095564126968384,1.0,,0.9717999696731567,67.25563526153564,59.61633896827698,0.16153359413146973,61.72567820549011,5996,94,8
LG-FedAvg|mnist|IF0.01|a0.5|K10|s2,LG-FedAvg,mnist,0.01,0.5,10,2,0.6204947829246521,0.6234099835157394,0.4365910589694977,0.7575397491455078,0.7286549210548401,0.3166324496269226,,0.6244199842214584,,,,,,,,,184.68626046180725,,,,5996,94,8
LG-FedAvg+LA|mnist|IF0.01|a0.5|K10|s2,LG-FedAvg+LA,mnist,0.01,0.5,10,2,0.6662692427635193,0.6679599761962891,0.5198003649711609,0.7705239653587341,0.7573063969612122,0.4253717064857483,,0.6745499849319458,,,,,,,,,191.62942719459534,,,,5996,94,8
