run_id,label,dataset,IF,alpha,K,seed,final_bal,final_acc,final_ens_acc,final_ens_bal,final_tail,final_head,final_medium,final_worst,n_gauss_classes,best_mean_acc,oracle_bal,oracle_tail,fidelity_head,fidelity_tail,cond_norm_tail_over_head_end,cond_norm_tail_rel_init,feature_mnd,referee_test_acc,time_s,fe_time_s,gen_time_s,head_time_s,n_train,min_client,tail_holders
Ours-PC+MC|mnist|IF0.01|a0.5|K100|s0,Ours-PC+MC,mnist,0.01,0.5,100,0,0.8946546316146851,0.8960599780082703,0.9283999800682068,0.9276639819145203,0.8171764612197876,0.974261999130249,0.918351411819458,0.7295342087745667,,0.8980099737644196,0.9294207692146301,0.8843113780021667,0.9666666785875956,0.9300000071525574,0.0,0.0,,0.9711999893188477,1217.4578862190247,107.57798480987549,950.82492852211,151.2614622116089,5996,12,21
Ours-A (PC+MC+KH+LA+CSL)|mnist|IF0.01|a0.5|K100|s0,Ours-A (PC+MC+KH+LA+CSL),mnist,0.01,0.5,100,0,0.9086810946464539,0.9096799731254578,0.9372999668121338,0.9367891550064087,0.8435966372489929,0.9745129942893982,0.929628312587738,0.7748460173606873,,0.9103199720382691,0.9330245852470398,0.8884921073913574,0.9666666785875956,0.9300000071525574,0.0,0.0,,0.9711999893188477,346.7875564098358,107.57798480987549,950.82492852211,335.6952564716339,5996,12,21
Ours-A Ts=10|mnist|IF0.01|a0.5|K100|s0,Ours-A Ts=10,mnist,0.01,0.5,100,0,0.9454753994941711,0.9459299683570862,0.9546999931335449,0.9543671607971191,0.9085261821746826,0.980156421661377,0.9600598812103271,0.8589323163032532,,0.9459899663925171,0.9492462873458862,0.9116222858428955,0.9666666785875956,0.9300000071525574,0.0,0.0,,0.9711999893188477,1919.319346666336,107.57798480987549,950.82492852211,1907.836506843567,5996,12,21
Ours-PC+MC|mnist|IF0.01|a0.5|K100|s1,Ours-PC+MC,mnist,0.01,0.5,100,1,0.8865116238594055,0.8881699740886688,0.9174999594688416,0.9163656234741211,0.8136134147644043,0.9705557227134705,0.8996655344963074,0.7298768162727356,,0.8898199737071991,0.9224889874458313,0.8761522173881531,0.995555559794108,0.9458333402872086,0.0,0.0,,0.9705999493598938,997.5667059421539,75.91795182228088,768.4853370189667,147.1800298690796,5996,10,23
Ours-A (PC+MC+KH+LA+CSL)|mnist|IF0.01|a0.5|K100|s1,Ours-A (PC+MC+KH+LA+CSL),mnist,0.01,0.5,100,1,0.8985098004341125,0.8994999706745148,0.9246999621391296,0.9240813255310059,0.8260657787322998,0.9713812470436096,0.9222304224967957,0.7704312205314636,,0.8994999706745148,0.9244533777236938,0.8788946866989136,0.995555559794108,0.9458333402872086,0.0,0.0,,0.9705999493598938,309.07905650138855,75.91795182228088,768.4853370189667,298.4687249660492,5996,10,23
Ours-A Ts=10|mnist|IF0.01|a0.5|K100|s1,Ours-A Ts=10,mnist,0.01,0.5,100,1,0.9395345449447632,0.9398799777030945,0.9493999481201172,0.9491680860519409,0.9033437371253967,0.975541353225708,0.9517820477485657,0.8706226348876953,,0.942449975013733,0.9465267062187195,0.9083635210990906,0.995555559794108,0.9458333402872086,0.0,0.0,,0.9705999493598938,1890.7068226337433,75.91795182228088,768.4853370189667,1880.0570640563965,5996,10,23
Ours-PC+MC|mnist|IF0.01|a0.5|K100|s2,Ours-PC+MC,mnist,0.01,0.5,100,2,0.8947982788085938,0.8961599826812744,0.9233999848365784,0.9225279092788696,0.8079829216003418,0.9745718836784363,0.9307785034179688,0.6900411248207092,,0.898769986629486,0.9320047497749329,0.8866101503372192,0.9788888891537985,0.9133333414793015,0.0,0.0,,0.973099946975708,990.3716633319855,78.74556565284729,760.3470239639282,145.56752490997314,5996,13,22
Ours-A (PC+MC+KH+LA+CSL)|mnist|IF0.01|a0.5|K100|s2,Ours-A (PC+MC+KH+LA+CSL),mnist,0.01,0.5,100,2,0.9051903486251831,0.9064699828624725,0.9300999641418457,0.929257869720459,0.8327135443687439,0.9735655784606934,0.9334508776664734,0.7253593802452087,,0.908189982175827,0.9332587122917175,0.8899421691894531,0.9788888891537985,0.9133333414793015,0.0,0.0,,0.973099946975708,323.33777928352356,78.74556565284729,760.3470239639282,309.8930175304413,5996,13,22
Ours-A Ts=10|mnist|IF0.01|a0.5|K100|s2,Ours-A Ts=10,mnist,0.01,0.5,100,2,0.9441145062446594,0.9445099711418152,0.9533999562263489,0.9531880617141724,0.9042274951934814,0.9803252816200256,0.9610862731933594,0.8854209780693054,,0.9451399743556976,0.9494253396987915,0.9118413925170898,0.9788888891537985,0.9133333414793015,0.0,0.0,,0.973099946975708,2255.5030221939087,78.74556565284729,760.3470239639282,2244.740654230118,5996,13,22
