run_id,label,dataset,IF,alpha,K,seed,final_bal,final_acc,final_tail,final_head,final_medium,final_worst,best_mean_acc,oracle_bal,oracle_tail,fidelity_head,fidelity_tail,cond_norm_tail_over_head_end,cond_norm_tail_rel_init,feature_mnd,referee_test_acc,time_s,fe_time_s,gen_time_s,head_time_s,n_train,min_client,tail_holders
FedAvg (grouped)|fmnist|IF0.01|a0.5|K10|s0,FedAvg (grouped),fmnist,0.01,0.5,10,0,0.5489200353622437,0.5489199876785278,0.3648500144481659,0.786933422088623,0.5563333630561829,0.1730000078678131,0.5505899846553802,,,,,,,,,64.58964109420776,,,,5996,85,7
+HWA|fmnist|IF0.01|a0.5|K10|s0,+HWA,fmnist,0.01,0.5,10,0,0.6452599763870239,0.6452599823474884,0.5457000136375427,0.8171000480651855,0.606166660785675,0.19150002300739288,0.6481099843978881,0.7881900072097778,0.746874988079071,0.7744444608688354,0.3791666775941849,1.033326268196106,1.5916845798492432,,0.8425999879837036,129.0128574371338,27.917685747146606,64.8292875289917,25.079304218292236,5996,85,7
+HWA+LCD|fmnist|IF0.01|a0.5|K10|s0,+HWA+LCD,fmnist,0.01,0.5,10,0,0.632900059223175,0.6328999876976014,0.5216750502586365,0.8150666356086731,0.5990333557128906,0.20149998366832733,0.6352699816226959,0.7894099950790405,0.7479250431060791,0.7644444704055786,0.273333340883255,0.8818587064743042,1.3627099990844727,,0.8425999879837036,110.65942811965942,27.917685747146606,84.03070259094238,19.444005012512207,5996,85,7
+HWA+LCD+GF|fmnist|IF0.01|a0.5|K10|s0,+HWA+LCD+GF,fmnist,0.01,0.5,10,0,0.634880006313324,0.6348799765110016,0.5317000150680542,0.8113000988960266,0.5960333943367004,0.18540000915527344,0.6358399748802185,0.7814100980758667,0.7411250472068787,0.7644444704055786,0.273333340883255,0.8818587064743042,1.3627099990844727,,0.8425999879837036,29.79808735847473,27.917685747146606,84.03070259094238,22.394869565963745,5996,85,7
+HWA+LCD+LA|fmnist|IF0.01|a0.5|K10|s0,+HWA+LCD+LA,fmnist,0.01,0.5,10,0,0.6974300146102905,0.6974299848079681,0.6234750151634216,0.8130000233650208,0.6804666519165039,0.3271999955177307,0.7017399787902832,0.7888699769973755,0.7456250190734863,0.7644444704055786,0.273333340883255,0.8818587064743042,1.3627099990844727,,0.8425999879837036,30.519009351730347,27.917685747146606,84.03070259094238,22.816766023635864,5996,85,7
+HWA+LCD+PCM|fmnist|IF0.01|a0.5|K10|s0,+HWA+LCD+PCM,fmnist,0.01,0.5,10,0,0.6224300265312195,0.6224299848079682,0.507099986076355,0.8018000721931458,0.5968334078788757,0.21540001034736633,0.6497399866580963,0.7871599793434143,0.7455500364303589,0.7644444704055786,0.273333340883255,0.8818587064743042,1.3627099990844727,,0.8425999879837036,46.09408640861511,27.917685747146606,84.03070259094238,39.05699610710144,5996,85,7
Ours (HWA+LCD+PCM+LA)|fmnist|IF0.01|a0.5|K10|s0,Ours (HWA+LCD+PCM+LA),fmnist,0.01,0.5,10,0,0.6621200442314148,0.6621199786663056,0.5581750273704529,0.8131666779518127,0.6496667265892029,0.2637999951839447,0.6869799792766571,0.7874800562858582,0.7462500333786011,0.7644444704055786,0.273333340883255,0.8818587064743042,1.3627099990844727,,0.8425999879837036,44.92171335220337,27.917685747146606,84.03070259094238,37.56065320968628,5996,85,7
Ours+BCR|fmnist|IF0.01|a0.5|K10|s0,Ours+BCR,fmnist,0.01,0.5,10,0,0.5984300374984741,0.5984299838542938,0.4682750403881073,0.8073999881744385,0.5630000233650208,0.17280003428459167,0.6394599914550781,0.7832900285720825,0.7415000200271606,0.7644444704055786,0.273333340883255,0.8818587064743042,1.3627099990844727,,0.8425999879837036,64.00798606872559,27.917685747146606,84.03070259094238,54.34391403198242,5996,85,7
GeFL-F|fmnist|IF0.01|a0.5|K10|s0,GeFL-F,fmnist,0.01,0.5,10,0,0.587689995765686,0.5876899838447571,0.40845000743865967,0.8179666996002197,0.5964000225067139,0.1957000195980072,0.5918299794197083,0.7843300104141235,0.7448000907897949,0.7255555788675944,0.1658333381637931,0.5610353946685791,0.7999187707901001,,0.8425999879837036,87.38525438308716,27.917685747146606,60.281697273254395,19.282715320587158,5996,85,7
+LA|fmnist|IF0.01|a0.5|K10|s0,+LA,fmnist,0.01,0.5,10,0,0.6522900462150574,0.6522899806499481,0.5232000350952148,0.8148999810218811,0.661799967288971,0.3514000177383423,0.6647899806499481,0.7874600291252136,0.7474250793457031,0.7255555788675944,0.1658333381637931,0.5610353946685791,0.7999187707901001,,0.8425999879837036,28.965378284454346,27.917685747146606,60.281697273254395,22.01400876045227,5996,85,7
+GF|fmnist|IF0.01|a0.5|K10|s0,+GF,fmnist,0.01,0.5,10,0,0.5846899747848511,0.5846899807453155,0.41777503490448,0.8106667399406433,0.5812667012214661,0.1867000162601471,0.5864699900150299,0.7788700461387634,0.7423750758171082,0.7255555788675944,0.1658333381637931,0.5610353946685791,0.7999187707901001,,0.8425999879837036,25.976224660873413,27.917685747146606,60.281697273254395,19.308480262756348,5996,85,7
+PCM|fmnist|IF0.01|a0.5|K10|s0,+PCM,fmnist,0.01,0.5,10,0,0.5701299905776978,0.5701299905776978,0.39067503809928894,0.8050333857536316,0.5745000243186951,0.2393999993801117,0.5915899872779846,0.7816200852394104,0.7443751096725464,0.7255555788675944,0.1658333381637931,0.5610353946685791,0.7999187707901001,,0.8425999879837036,48.99256896972656,27.917685747146606,60.281697273254395,40.27611327171326,5996,85,7
+BCR|fmnist|IF0.01|a0.5|K10|s0,+BCR,fmnist,0.01,0.5,10,0,0.620120108127594,0.6201199889183044,0.4877750277519226,0.8435333371162415,0.5731666684150696,0.27309998869895935,0.6298099875450134,0.784500002861023,0.7433000206947327,0.7255555788675944,0.1658333381637931,0.5610353946685791,0.7999187707901001,,0.8425999879837036,36.215888261795044,27.917685747146606,60.281697273254395,27.904913187026978,5996,85,7
+PCM+LA|fmnist|IF0.01|a0.5|K10|s0,+PCM+LA,fmnist,0.01,0.5,10,0,0.5959600210189819,0.5959599852561951,0.4240500330924988,0.8109332919120789,0.6101999878883362,0.273000031709671,0.6168199777603149,0.7822100520133972,0.7458500266075134,0.7255555788675944,0.1658333381637931,0.5610353946685791,0.7999187707901001,,0.8425999879837036,45.16769289970398,27.917685747146606,60.281697273254395,37.76028251647949,5996,85,7
+LCD|fmnist|IF0.01|a0.5|K10|s0,+LCD,fmnist,0.01,0.5,10,0,0.6131399869918823,0.6131399869918823,0.4730500280857086,0.8144333362579346,0.598633348941803,0.18930000066757202,0.6169699847698211,0.7878100872039795,0.7467250227928162,0.7400000294049581,0.20083334110677242,0.8008331656455994,1.147185206413269,,0.8425999879837036,107.80679941177368,27.917685747146606,80.46814203262329,19.588088274002075,5996,85,7
Ours-private (LCD+PCM+LA)|fmnist|IF0.01|a0.5|K10|s0,Ours-private (LCD+PCM+LA),fmnist,0.01,0.5,10,0,0.6467300653457642,0.6467299878597259,0.5197250247001648,0.8037667274475098,0.6590333580970764,0.28230002522468567,0.6654599905014038,0.7858200073242188,0.7477999925613403,0.7400000294049581,0.20083334110677242,0.8008331656455994,1.147185206413269,,0.8425999879837036,51.53807067871094,27.917685747146606,80.46814203262329,43.860432863235474,5996,85,7
Ours+LAFE|fmnist|IF0.01|a0.5|K10|s0,Ours+LAFE,fmnist,0.01,0.5,10,0,0.6576200127601624,0.6576199948787689,0.5367250442504883,0.8012999892234802,0.6751334071159363,0.2890999913215637,0.676089984178543,0.7842100858688354,0.7366750240325928,0.7588889002799988,0.32666666246950626,0.8617270588874817,1.3454532623291016,,0.8424999713897705,153.74424171447754,28.71589708328247,75.8814582824707,41.51478123664856,5996,85,7
LG-FedAvg|fmnist|IF0.01|a0.5|K10|s0,LG-FedAvg,fmnist,0.01,0.5,10,0,0.5278300046920776,0.5278299897909164,0.3406500220298767,0.760533332824707,0.5446999669075012,0.16380000114440918,0.528399983048439,,,,,,,,,58.433632373809814,,,,5996,85,7
LG-FedAvg+LA|fmnist|IF0.01|a0.5|K10|s0,LG-FedAvg+LA,fmnist,0.01,0.5,10,0,0.6004400253295898,0.6004399836063385,0.466949999332428,0.7821334004402161,0.5967333316802979,0.26180002093315125,0.6016399919986725,,,,,,,,,61.17156267166138,,,,5996,85,7
FedAvg (grouped)|mnist|IF0.01|a0.5|K10|s0,FedAvg (grouped),mnist,0.01,0.5,10,0,0.6484866142272949,0.6532199800014495,0.41590452194213867,0.91911381483078,0.6879690289497375,0.2175421267747879,0.6532199800014495,,,,,,,,,44.24674201011658,,,,5996,104,7
+HWA|mnist|IF0.01|a0.5|K10|s0,+HWA,mnist,0.01,0.5,10,0,0.708676278591156,0.7119299829006195,0.4637923836708069,0.9413823485374451,0.8024821281433105,0.22497522830963135,0.712229984998703,0.9181172251701355,0.8720656633377075,0.8122222423553467,0.20166666619479656,0.7053443193435669,1.1579725742340088,,0.9702000021934509,110.03833746910095,24.70811629295349,58.62636637687683,19.654907941818237,5996,104,7
+HWA+LCD|mnist|IF0.01|a0.5|K10|s0,+HWA+LCD,mnist,0.01,0.5,10,0,0.7012907266616821,0.7048499763011933,0.4577820301055908,0.9407997131347656,0.7864599227905273,0.2196234166622162,0.7077699720859527,0.9160856008529663,0.8700635433197021,0.8144444624582926,0.18583333678543568,0.6860523223876953,1.1278022527694702,,0.9702000021934509,100.88132095336914,24.70811629295349,77.91562366485596,16.717170000076294,5996,104,7
+HWA+LCD+GF|mnist|IF0.01|a0.5|K10|s0,+HWA+LCD+GF,mnist,0.01,0.5,10,0,0.7234593629837036,0.7258699893951416,0.4851611852645874,0.9388425350189209,0.8258072733879089,0.2231912910938263,0.7258699893951416,0.9082220792770386,0.8565738201141357,0.8144444624582926,0.18583333678543568,0.6860523223876953,1.1278022527694702,,0.9702000021934509,23.683813095092773,24.70811629295349,77.91562366485596,17.15315556526184,5996,104,7
+HWA+LCD+LA|mnist|IF0.01|a0.5|K10|s0,+HWA+LCD+LA,mnist,0.01,0.5,10,0,0.7799935936927795,0.782099986076355,0.6099827289581299,0.9411138892173767,0.8455543518066406,0.3922696113586426,0.7902199864387512,0.9156299829483032,0.8709712028503418,0.8144444624582926,0.18583333678543568,0.6860523223876953,1.1278022527694702,,0.9702000021934509,26.04945969581604,24.70811629295349,77.91562366485596,19.364802360534668,5996,104,7
+HWA+LCD+PCM|mnist|IF0.01|a0.5|K10|s0,+HWA+LCD+PCM,mnist,0.01,0.5,10,0,0.7608200311660767,0.7622799694538116,0.5450161695480347,0.9325782656669617,0.8768002986907959,0.295143723487854,0.7774299740791321,0.9224567413330078,0.8785606622695923,0.8144444624582926,0.18583333678543568,0.6860523223876953,1.1278022527694702,,0.9702000021934509,46.13336515426636,24.70811629295349,77.91562366485596,38.77157950401306,5996,104,7
Ours (HWA+LCD+PCM+LA)|mnist|IF0.01|a0.5|K10|s0,Ours (HWA+LCD+PCM+LA),mnist,0.01,0.5,10,0,0.7515088319778442,0.7531199753284454,0.5535405874252319,0.8941914439201355,0.8727838397026062,0.27750247716903687,0.7905599713325501,0.921408474445343,0.8779655694961548,0.8144444624582926,0.18583333678543568,0.6860523223876953,1.1278022527694702,,0.9702000021934509,40.70666170120239,24.70811629295349,77.91562366485596,34.36963081359863,5996,104,7
Ours+BCR|mnist|IF0.01|a0.5|K10|s0,Ours+BCR,mnist,0.01,0.5,10,0,0.7407270073890686,0.7421499878168106,0.5027624368667603,0.9421594738960266,0.8565805554389954,0.2900892198085785,0.7884699821472168,0.9092462658882141,0.8662751913070679,0.8144444624582926,0.18583333678543568,0.6860523223876953,1.1278022527694702,,0.9702000021934509,52.29597043991089,24.70811629295349,77.91562366485596,44.84226155281067,5996,104,7
GeFL-F|mnist|IF0.01|a0.5|K10|s0,GeFL-F,mnist,0.01,0.5,10,0,0.6839856505393982,0.687829977273941,0.43393421173095703,0.9380555152893066,0.7633175849914551,0.2062438279390335,0.6915199756622314,0.9150629043579102,0.8691534996032715,0.7522222399711609,0.1375000048428774,0.22014500200748444,0.2980598211288452,,0.9702000021934509,83.1498293876648,24.70811629295349,57.363513231277466,18.395063638687134,5996,104,7
+LA|mnist|IF0.01|a0.5|K10|s0,+LA,mnist,0.01,0.5,10,0,0.7512097358703613,0.7539499819278717,0.5556490421295166,0.9387226700782776,0.8244443535804749,0.3625372052192688,0.7687699854373932,0.9101957082748413,0.866543173789978,0.7522222399711609,0.1375000048428774,0.22014500200748444,0.2980598211288452,,0.9702000021934509,25.388171672821045,24.70811629295349,57.363513231277466,18.530938386917114,5996,104,7
+GF|mnist|IF0.01|a0.5|K10|s0,+GF,mnist,0.01,0.5,10,0,0.6853204369544983,0.6885799884796142,0.4482277035713196,0.9287046790122986,0.7580596804618835,0.19335976243019104,0.6936899840831756,0.9015933871269226,0.8498581647872925,0.7522222399711609,0.1375000048428774,0.22014500200748444,0.2980598211288452,,0.9702000021934509,27.481130838394165,24.70811629295349,57.363513231277466,19.784017086029053,5996,104,7
+PCM|mnist|IF0.01|a0.5|K10|s0,+PCM,mnist,0.01,0.5,10,0,0.7266625165939331,0.7284299850463867,0.48418620228767395,0.9040689468383789,0.8725578188896179,0.24449951946735382,0.7603999853134156,0.9217313528060913,0.877281904220581,0.7522222399711609,0.1375000048428774,0.22014500200748444,0.2980598211288452,,0.9702000021934509,40.916598081588745,24.70811629295349,57.363513231277466,34.543967962265015,5996,104,7
+BCR|mnist|IF0.01|a0.5|K10|s0,+BCR,mnist,0.01,0.5,10,0,0.7367559671401978,0.7386499762535095,0.49538421630859375,0.926085889339447,0.8692552447319031,0.16382557153701782,0.7450499713420868,0.9195374250411987,0.8741104602813721,0.7522222399711609,0.1375000048428774,0.22014500200748444,0.2980598211288452,,0.9702000021934509,30.772074699401855,24.70811629295349,57.363513231277466,23.131147146224976,5996,104,7
+PCM+LA|mnist|IF0.01|a0.5|K10|s0,+PCM+LA,mnist,0.01,0.5,10,0,0.7253179550170898,0.7268899857997895,0.4943736791610718,0.8839552998542786,0.874606192111969,0.26025766134262085,0.7678699791431427,0.9195661544799805,0.8748173117637634,0.7522222399711609,0.1375000048428774,0.22014500200748444,0.2980598211288452,,0.9702000021934509,45.146777868270874,24.70811629295349,57.363513231277466,37.83065986633301,5996,104,7
+LCD|mnist|IF0.01|a0.5|K10|s0,+LCD,mnist,0.01,0.5,10,0,0.6859279274940491,0.6897199869155883,0.44759777188301086,0.938242495059967,0.7513869404792786,0.2093161642551422,0.6997899830341339,0.9153978228569031,0.8691878318786621,0.7400000095367432,0.16416667122393847,0.7859278321266174,1.0611547231674194,,0.9702000021934509,107.6974036693573,24.70811629295349,82.41405034065247,17.99985146522522,5996,104,7
Ours-private (LCD+PCM+LA)|mnist|IF0.01|a0.5|K10|s0,Ours-private (LCD+PCM+LA),mnist,0.01,0.5,10,0,0.7430177927017212,0.744189977645874,0.5397654175758362,0.8814763426780701,0.8755623698234558,0.257779985666275,0.7776999831199646,0.9206483960151672,0.8758279085159302,0.7400000095367432,0.16416667122393847,0.7859278321266174,1.0611547231674194,,0.9702000021934509,42.735878467559814,24.70811629295349,82.41405034065247,34.88020372390747,5996,104,7
Ours+LAFE|mnist|IF0.01|a0.5|K10|s0,Ours+LAFE,mnist,0.01,0.5,10,0,0.7714344263076782,0.7725099861621857,0.6091013550758362,0.8978959918022156,0.8614168763160706,0.34083253145217896,0.7813699841499329,0.9192395210266113,0.8743235468864441,0.6977778077125549,0.16916667018085718,0.7147142887115479,1.114420771598816,,0.9731999635696411,145.8340446949005,23.092265844345093,79.1951653957367,37.274062633514404,5996,104,7
LG-FedAvg|mnist|IF0.01|a0.5|K10|s0,LG-FedAvg,mnist,0.01,0.5,10,0,0.6530506610870361,0.6576999843120575,0.4241344928741455,0.9175263047218323,0.693796694278717,0.2415262907743454,0.6576999843120575,,,,,,,,,39.979089975357056,,,,5996,104,7
LG-FedAvg+LA|mnist|IF0.01|a0.5|K10|s0,LG-FedAvg+LA,mnist,0.01,0.5,10,0,0.6464547514915466,0.6503999799489975,0.4585854709148407,0.8746019005775452,0.668799877166748,0.3204312324523926,0.7011499881744385,,,,,,,,,39.757819175720215,,,,5996,104,7
